{
	"Flat--L2": {
		"recall": 0.9444827586206896,
		"training_time": 0.6178216934204102,
		"searching_time": 2.742527484893799,
		"k": 1
	},
	"Flat--cosine": {
		"recall": 0.9487068965517241,
		"training_time": 0.765261173248291,
		"searching_time": 2.671173334121704,
		"k": 1
	},
	"IVF7071,Flat--L2": {
		"recall": [
			0.7097413793103449,
			0.8614655172413793,
			0.8930172413793104,
			0.9153448275862069,
			0.9232758620689655,
			0.9282758620689655,
			0.9310344827586207,
			0.9329310344827586,
			0.9347413793103448,
			0.9355172413793104
		],
		"training_time": 45.391565561294556,
		"searching_time": [
			0.06930851936340332,
			0.13204622268676758,
			0.2137439250946045,
			0.3787848949432373,
			0.5471336841583252,
			0.7167372703552246,
			0.9063196182250977,
			1.0527212619781494,
			1.2631981372833252,
			1.4605157375335693
		],
		"k": 1,
		"nprobe": [
			1,
			5,
			10,
			20,
			30,
			40,
			50,
			60,
			70,
			80
		]
	},
	"IVF7071,Flat--cosine": {
		"recall": [
			0.7351724137931035,
			0.8781896551724138,
			0.9081034482758621,
			0.9267241379310345,
			0.9333620689655172,
			0.9375,
			0.9393965517241379,
			0.9406034482758621,
			0.9421551724137931,
			0.9427586206896552
		],
		"training_time": 49.11389684677124,
		"searching_time": [
			0.0639655590057373,
			0.11029934883117676,
			0.17098641395568848,
			0.28821396827697754,
			0.40463876724243164,
			0.5197179317474365,
			0.6347799301147461,
			0.7480936050415039,
			0.8996524810791016,
			1.0633132457733154
		],
		"k": 1,
		"nprobe": [
			1,
			5,
			10,
			20,
			30,
			40,
			50,
			60,
			70,
			80
		]
	}
}