{
	"Flat--L2": {
		"recall@1": 0.9445689655172413,
		"training_time": 1.046060562133789,
		"searching_time": 3.525613307952881
	},
	"Flat--L1": {
		"recall@1": 0.0,
		"training_time": 1.046060562133789,
		"searching_time": 0.09819889068603516
	},
	"Flat--cosine": {
		"recall@1": 0.0,
		"training_time": 1.046060562133789,
		"searching_time": 0.023965120315551758
	}
}