{
	"Flat--L2": {
		"recall@1": 0.9445689655172413,
		"training_time": 6.0800487995147705,
		"searching_time": 196.92488551139832,
		"k": 1
	},
	"Flat--L1": {
		"recall@1": 0.9637931034482758,
		"training_time": 6.13912558555603,
		"searching_time": 2473.5212123394012,
		"k": 1
	},
	"Flat--cosine": {
		"recall@1": 0.9487931034482758,
		"training_time": 6.111281633377075,
		"searching_time": 194.6648199558258,
		"k": 1
	}
}