{
	"Flat--L2": {
		"recall": 0.9445689655172413,
		"training_time": 0.9169783592224121,
		"searching_time": 2.7013158798217773,
		"k": 1
	},
	"Flat--L1": {
		"recall": 0.9637931034482758,
		"training_time": 1.0647192001342773,
		"searching_time": 12.167885541915894,
		"k": 1
	},
	"Flat--cosine": {
		"recall": 0.9487931034482758,
		"training_time": 0.9566848278045654,
		"searching_time": 2.6827852725982666,
		"k": 1
	}
}