{
	"Flat--L2": {
		"recall": 0.9445689655172413,
		"training_time": 0.6609556674957275,
		"searching_time": 2.7425239086151123,
		"k": 1
	},
	"Flat--L1": {
		"recall": 0.9637931034482758,
		"training_time": 0.7984414100646973,
		"searching_time": 12.215868473052979,
		"k": 1
	},
	"Flat--cosine": {
		"recall": 0.9487931034482758,
		"training_time": 0.6625649929046631,
		"searching_time": 2.666438341140747,
		"k": 1
	}
}