{
	"Flat--L2": {
		"recall": 0.8051763628034815,
		"training_time": 0.9845161437988281,
		"searching_time": 13.1710524559021,
		"k": 1
	},
	"Flat--L1": {
		"recall": 0.8044892349977095,
		"training_time": 1.0720210075378418,
		"searching_time": 59.91546297073364,
		"k": 1
	},
	"Flat--cosine": {
		"recall": 0.805611543747137,
		"training_time": 0.996222734451294,
		"searching_time": 13.10205602645874,
		"k": 1
	}
}