{
	"BFlat--hamming": {
		"recall": [
			0.3081310123683005,
			0.31875858909757215,
			0.3341044434264773,
			0.3401511681172698,
			0.348030233623454,
			0.36802565277141547,
			0.38776912505726063
		],
		"training_time": 0.0017986297607421875,
		"searching_time": [
			3.668093204498291,
			3.474292039871216,
			3.4662723541259766,
			3.480071783065796,
			3.4817051887512207,
			3.4957125186920166,
			3.5325872898101807
		],
		"k": [
			1,
			2,
			3,
			4,
			5,
			10,
			20
		]
	}
}