{
	"BFlat--L2": {
		"recall": [
			0.3081310123683005,
			0.31875858909757215,
			0.3341044434264773,
			0.3401511681172698,
			0.348030233623454,
			0.36802565277141547,
			0.38776912505726063
		],
		"training_time": 0.0005207061767578125,
		"searching_time": [
			1.7852766513824463,
			1.64292311668396,
			1.6407575607299805,
			1.676833152770996,
			1.6662254333496094,
			1.648496389389038,
			1.6616313457489014
		],
		"k": [
			1,
			2,
			3,
			4,
			5,
			10,
			20
		]
	},
	"BFlat--cosine": {
		"recall": [
			0.3081310123683005,
			0.31875858909757215,
			0.3341044434264773,
			0.3401511681172698,
			0.348030233623454,
			0.36802565277141547,
			0.38776912505726063
		],
		"training_time": 0.0011031627655029297,
		"searching_time": [
			1.6356573104858398,
			1.6536073684692383,
			1.6342370510101318,
			1.636692762374878,
			1.6362662315368652,
			1.6460282802581787,
			1.6695382595062256
		],
		"k": [
			1,
			2,
			3,
			4,
			5,
			10,
			20
		]
	}
}