{
	"Flat--L2": {
		"recall": 0.854741181859826,
		"training_time": 0.6542091369628906,
		"searching_time": 10.178402662277222,
		"k": 10
	},
	"Flat--cosine": {
		"recall": 0.8519926706367384,
		"training_time": 0.7968497276306152,
		"searching_time": 10.186471462249756,
		"k": 10
	},
	"IVF7071,Flat--L2": {
		"recall": [
			0.5186440677966102,
			0.706481905634448,
			0.7517407237746221,
			0.7867842418689877,
			0.8080622995877234,
			0.8166284928996793,
			0.8207283554741182,
			0.82361429225836,
			0.8255382501145213,
			0.8271186440677966
		],
		"training_time": 47.102158308029175,
		"searching_time": [
			0.21139073371887207,
			0.3912661075592041,
			0.7891473770141602,
			1.4084467887878418,
			2.0586702823638916,
			2.718672513961792,
			3.3708927631378174,
			4.026657581329346,
			4.691098928451538,
			6.2525575160980225
		],
		"k": 10,
		"nprobe": [
			1,
			5,
			10,
			20,
			30,
			40,
			50,
			60,
			70,
			80
		]
	},
	"IVF7071,Flat--cosine": {
		"recall": [
			0.5627118644067797,
			0.727027027027027,
			0.7637654603756299,
			0.7890746678882272,
			0.799656436097114,
			0.806710948236372,
			0.811406321575813,
			0.8150022904260192,
			0.8191021530004581,
			0.8215529088410445
		],
		"training_time": 48.3957302570343,
		"searching_time": [
			0.2074143886566162,
			0.3520667552947998,
			0.6972556114196777,
			1.1708619594573975,
			1.6534528732299805,
			2.138786554336548,
			2.6193645000457764,
			3.101835012435913,
			3.5762057304382324,
			4.941235065460205
		],
		"k": 10,
		"nprobe": [
			1,
			5,
			10,
			20,
			30,
			40,
			50,
			60,
			70,
			80
		]
	}
}