{
	"Flat--L2": {
		"recall": [
			0.805153458543289,
			0.8198808978469996,
			0.8271186440677966,
			0.8327989005955108,
			0.837265231333028,
			0.854741181859826,
			0.8702473660100779
		],
		"training_time": 0.65669846534729,
		"searching_time": [
			10.126968622207642,
			10.095861673355103,
			10.14424467086792,
			10.165347576141357,
			10.217751741409302,
			10.25680661201477,
			10.273163795471191
		],
		"k": [
			1,
			2,
			3,
			4,
			5,
			10,
			20
		]
	},
	"Flat--cosine": {
		"recall": [
			0.8056573522675218,
			0.8265689418231791,
			0.8341731562070546,
			0.8393266147503435,
			0.8424644983967018,
			0.8519926706367384,
			0.8637425561154375
		],
		"training_time": 0.7990007400512695,
		"searching_time": [
			10.189634561538696,
			10.288195848464966,
			10.306348085403442,
			10.315312385559082,
			10.328336238861084,
			10.34299349784851,
			10.353846073150635
		],
		"k": [
			1,
			2,
			3,
			4,
			5,
			10,
			20
		]
	}
}