{
	"Flat--L2": {
		"recall": 0.969396551724138,
		"training_time": 0.6506695747375488,
		"searching_time": 2.7483155727386475,
		"k": 10
	},
	"Flat--cosine": {
		"recall": 0.9720689655172414,
		"training_time": 0.7906250953674316,
		"searching_time": 2.7145614624023438,
		"k": 10
	},
	"IVF7071,Flat--L2": {
		"recall": [
			0.7112068965517241,
			0.8678448275862068,
			0.9037068965517241,
			0.9292241379310345,
			0.9395689655172413,
			0.9462068965517242,
			0.9500862068965518,
			0.9523275862068965,
			0.9545689655172414,
			0.9556896551724138
		],
		"training_time": 47.08199167251587,
		"searching_time": [
			0.06884360313415527,
			0.12827777862548828,
			0.2049882411956787,
			0.36203837394714355,
			0.5223069190979004,
			0.6825017929077148,
			0.8451046943664551,
			1.0073769092559814,
			1.2052464485168457,
			1.4128050804138184
		],
		"k": 10,
		"nprobe": [
			1,
			5,
			10,
			20,
			30,
			40,
			50,
			60,
			70,
			80
		]
	},
	"IVF7071,Flat--cosine": {
		"recall": [
			0.7361206896551724,
			0.8848275862068965,
			0.9191379310344827,
			0.9418965517241379,
			0.95,
			0.955948275862069,
			0.9587931034482758,
			0.9603448275862069,
			0.9618965517241379,
			0.963103448275862
		],
		"training_time": 48.24967408180237,
		"searching_time": [
			0.0677633285522461,
			0.11494278907775879,
			0.1759204864501953,
			0.2964150905609131,
			0.4124281406402588,
			0.5295615196228027,
			0.6457076072692871,
			0.7607400417327881,
			0.9112977981567383,
			1.0690562725067139
		],
		"k": 10,
		"nprobe": [
			1,
			5,
			10,
			20,
			30,
			40,
			50,
			60,
			70,
			80
		]
	}
}