{
	"Flat--L2": {
		"recall": 0.9445689655172413,
		"training_time": 0.6745176315307617,
		"searching_time": 2.7516636848449707,
		"k": 1
	},
	"Flat--L1": {
		"recall": 0.9637931034482758,
		"training_time": 0.8183341026306152,
		"searching_time": 12.239798545837402,
		"k": 1
	},
	"Flat--cosine": {
		"recall": 0.9487931034482758,
		"training_time": 0.6757490634918213,
		"searching_time": 2.693795919418335,
		"k": 1
	}
}