{
	"Flat--L2": {
		"recall": 0.9445689655172413,
		"training_time": 0.9414205551147461,
		"searching_time": 2.7277908325195312,
		"k": 1
	},
	"Flat--L1": {
		"recall": 0.9637931034482758,
		"training_time": 1.0803751945495605,
		"searching_time": 12.153072118759155,
		"k": 1
	},
	"Flat--cosine": {
		"recall": 0.9487931034482758,
		"training_time": 1.021904706954956,
		"searching_time": 2.6648457050323486,
		"k": 1
	}
}