{
	"Flat--L2": {
		"recall": [
			0.6757214841960605,
			0.696358222629409,
			0.705726065048099,
			0.7127576729271644,
			0.7171552908841045,
			0.7309207512597343,
			0.7448465414567109
		],
		"training_time": 0.8478353023529053,
		"searching_time": [
			10.478821039199829,
			10.422993659973145,
			10.475013256072998,
			10.515687227249146,
			10.556138277053833,
			10.589106321334839,
			10.617194890975952
		],
		"k": [
			1,
			2,
			3,
			4,
			5,
			10,
			20
		]
	},
	"Flat--cosine": {
		"recall": [
			0.6842189647274393,
			0.7034814475492441,
			0.7128034814475492,
			0.7187585890975722,
			0.7231562070545121,
			0.7374026568941823,
			0.751328447091159
		],
		"training_time": 0.983748197555542,
		"searching_time": [
			10.51361608505249,
			10.614227533340454,
			10.632421016693115,
			10.650251626968384,
			10.653226375579834,
			10.668405771255493,
			10.67921233177185
		],
		"k": [
			1,
			2,
			3,
			4,
			5,
			10,
			20
		]
	}
}