{
	"BFlat--L2": {
		"recall": [
			0.8174137931034483,
			0.8196551724137932,
			0.8238793103448275,
			0.8251724137931035,
			0.8268103448275862,
			0.8312068965517241,
			0.835
		],
		"training_time": 0.0005297660827636719,
		"searching_time": [
			0.9404458999633789,
			0.9092466831207275,
			0.8468129634857178,
			0.43470001220703125,
			0.43715596199035645,
			0.4371020793914795,
			0.44202375411987305
		],
		"k": [
			1,
			2,
			3,
			4,
			5,
			10,
			20
		]
	},
	"BFlat--cosine": {
		"recall": [
			0.8174137931034483,
			0.8196551724137932,
			0.8238793103448275,
			0.8251724137931035,
			0.8268103448275862,
			0.8312068965517241,
			0.835
		],
		"training_time": 0.0011975765228271484,
		"searching_time": [
			0.4371497631072998,
			0.43738746643066406,
			0.43968772888183594,
			0.4377126693725586,
			0.4348733425140381,
			0.4368093013763428,
			0.4417989253997803
		],
		"k": [
			1,
			2,
			3,
			4,
			5,
			10,
			20
		]
	}
}