{
	"BFlat--hamming": {
		"recall": [
			0.8174137931034483,
			0.8196551724137932,
			0.8238793103448275,
			0.8251724137931035,
			0.8268103448275862,
			0.8312068965517241,
			0.835
		],
		"training_time": 0.0005481243133544922,
		"searching_time": [
			0.5250298976898193,
			0.43311190605163574,
			0.43677544593811035,
			0.434161901473999,
			0.43660616874694824,
			0.43682384490966797,
			0.4416360855102539
		],
		"k": [
			1,
			2,
			3,
			4,
			5,
			10,
			20
		]
	}
}