{
	"Flat--L2": {
		"recall": 0.8051763628034815,
		"training_time": 0.6759088039398193,
		"searching_time": 10.274539470672607,
		"k": 1
	},
	"Flat--L1": {
		"recall": 0.8044892349977095,
		"training_time": 0.8118002414703369,
		"searching_time": 46.33610272407532,
		"k": 1
	},
	"Flat--cosine": {
		"recall": 0.805611543747137,
		"training_time": 0.678053617477417,
		"searching_time": 10.305275678634644,
		"k": 1
	}
}