{
	"Flat--L2": {
		"recall": [
			0.9444827586206896,
			0.9537931034482758,
			0.9595689655172414,
			0.9629310344827586,
			0.9642241379310345,
			0.969396551724138,
			0.9750862068965517
		],
		"training_time": 0.6573739051818848,
		"searching_time": [
			2.7335009574890137,
			2.685122489929199,
			2.6687171459198,
			2.6740384101867676,
			2.6767730712890625,
			2.676595687866211,
			2.6818530559539795
		],
		"k": [
			1,
			2,
			3,
			4,
			5,
			10,
			20
		]
	},
	"Flat--cosine": {
		"recall": [
			0.9487068965517241,
			0.9587068965517241,
			0.9628448275862069,
			0.965948275862069,
			0.9676724137931034,
			0.9720689655172414,
			0.9770689655172414
		],
		"training_time": 0.7969970703125,
		"searching_time": [
			2.6617369651794434,
			2.683431625366211,
			2.688941240310669,
			2.689981460571289,
			2.6948118209838867,
			2.696092128753662,
			2.6985907554626465
		],
		"k": [
			1,
			2,
			3,
			4,
			5,
			10,
			20
		]
	}
}