{
	"Flat--L2": {
		"recall": 0.9445689655172413,
		"training_time": 1.0017619132995605,
		"searching_time": 3.5264854431152344,
		"k": 1
	},
	"Flat--L1": {
		"recall": 0.9637931034482758,
		"training_time": 1.1035900115966797,
		"searching_time": 15.916961908340454,
		"k": 1
	},
	"Flat--cosine": {
		"recall": 0.9487931034482758,
		"training_time": 1.0112762451171875,
		"searching_time": 3.475259304046631,
		"k": 1
	}
}