{
	"Flat--L2": {
		"recall": [
			0.7739655172413793,
			0.7823275862068966,
			0.7873275862068966,
			0.7908620689655173,
			0.793448275862069,
			0.8001724137931034,
			0.8075
		],
		"training_time": 0.8406257629394531,
		"searching_time": [
			2.9003102779388428,
			2.7884457111358643,
			2.795151710510254,
			2.798358678817749,
			2.798267126083374,
			2.8074302673339844,
			2.813215494155884
		],
		"k": [
			1,
			2,
			3,
			4,
			5,
			10,
			20
		]
	},
	"Flat--cosine": {
		"recall": [
			0.7880172413793104,
			0.798448275862069,
			0.8031896551724138,
			0.8071551724137931,
			0.8095689655172413,
			0.8178448275862069,
			0.8274137931034483
		],
		"training_time": 0.8032786846160889,
		"searching_time": [
			2.784895420074463,
			2.8114569187164307,
			2.8137660026550293,
			2.8154489994049072,
			2.8194854259490967,
			2.823676586151123,
			2.8257405757904053
		],
		"k": [
			1,
			2,
			3,
			4,
			5,
			10,
			20
		]
	}
}