{
	"Flat--L2": {
		"recall": 0.805153458543289,
		"training_time": 0.6543903350830078,
		"searching_time": 10.226218461990356,
		"k": 1
	},
	"Flat--cosine": {
		"recall": 0.8056573522675218,
		"training_time": 0.7923381328582764,
		"searching_time": 10.108835458755493,
		"k": 1
	},
	"IVF7071,Flat--L2": {
		"recall": [
			0.5078332569857994,
			0.6817224003664681,
			0.7215758131012369,
			0.7512368300503893,
			0.7699038021071919,
			0.7774393037104902,
			0.7809894640403114,
			0.7833715071003207,
			0.7852267521759048,
			0.7864864864864864
		],
		"training_time": 47.05485939979553,
		"searching_time": [
			0.21335148811340332,
			0.40630459785461426,
			0.8251826763153076,
			1.4783954620361328,
			2.1644413471221924,
			2.859412431716919,
			3.5465781688690186,
			4.23750114440918,
			4.934622049331665,
			6.512253999710083
		],
		"k": 1,
		"nprobe": [
			1,
			5,
			10,
			20,
			30,
			40,
			50,
			60,
			70,
			80
		]
	},
	"IVF7071,Flat--cosine": {
		"recall": [
			0.5530920751259735,
			0.7076271186440678,
			0.7388914338066881,
			0.7572606504809895,
			0.7648877691250573,
			0.7700870361887311,
			0.7738662391204764,
			0.7768666972056802,
			0.779981676591846,
			0.7819743472285845
		],
		"training_time": 48.36323094367981,
		"searching_time": [
			0.2026057243347168,
			0.3516983985900879,
			0.6952133178710938,
			1.1649219989776611,
			1.6410696506500244,
			2.1190245151519775,
			2.5948498249053955,
			3.0689427852630615,
			3.5402841567993164,
			4.901185989379883
		],
		"k": 1,
		"nprobe": [
			1,
			5,
			10,
			20,
			30,
			40,
			50,
			60,
			70,
			80
		]
	}
}